Admin,admin@gmail.com,@Admin2024,true,12
Pablo,pablo@gmail.com,@Pablo2024,false,13
Admin,admin@gmail.com,@Admin2024,true,14
Pablo,pablo@gmail.com,@Pablo2024,false,15
Admin,admin@gmail.com,@Admin2024,true,16
Pablo,pablo@gmail.com,@Pablo2024,false,120
Pablo,pablo@gmail.com,@Pablo2024,false,90
Pablo,pablo@gmail.com,@Pablo2024,false,80
Admin,admin@gmail.com,@Admin2024,true,70
Pablo,pablo@gmail.com,@Pablo2024,false,50
Admin,admin@gmail.com,@Admin2024,true,40
Pablo,pablo@gmail.com,@Pablo2024,false,60
Admin,admin@gmail.com,@Admin2024,true,200
Pablo,pablo@gmail.com,@Pablo2024,false,10
Pablo,pablo@gmail.com,@Pablo2024,false,10
Admin,admin@gmail.com,@Admin2024,true,10
Pablo,pablo@gmail.com,@Pablo2024,false,10
Pablo,pablo@gmail.com,@Pablo2024,false,10
Admin,admin@gmail.com,@Admin2024,true,10
Pablo,pablo@gmail.com,@Pablo2024,false,10
Admin,admin@gmail.com,@Admin2024,true,10
Pablo,pablo@gmail.com,@Pablo2024,false,10
Admin,admin@gmail.com,@Admin2024,true,10
Pablo,pablo@gmail.com,@Pablo2024,false,10
Pablo,pablo@gmail.com,@Pablo2024,false,10
Admin,admin@gmail.com,@Admin2024,true,10
Pablo,pablo@gmail.com,@Pablo2024,false,10
Pablo,pablo@gmail.com,@Pablo2024,false,10
Admin,admin@gmail.com,@Admin2024,true,10
Pablo,pablo@gmail.com,@Pablo2024,false,1000
Admin,admin@gmail.com,@Admin2024,true,10
Pablo,pablo@gmail.com,@Pablo2024,false,10
renan,30,30,60,6